{"torosay": {"PITCH0": {"blue": {"max": [104.0, 255.0, 255.0], "blur": 0, "contrast": 0.0, "min": [88.0, 147.0, 82.0]}, "plate": {"max": [86.0, 136.0, 255.0], "blur": 1, "contrast": 100.0, "min": [60.0, 72.0, 38.0]}, "dot": {"max": [95.0, 62.0, 118.0], "blur": 4, "contrast": 52.0, "min": [73.0, 21.0, 99.0]}, "red": {"max": [225.0, 167.0, 255.0], "blur": 4, "contrast": 67.0, "min": [173.0, 46.0, 135.0]}, "yellow": {"max": [19.0, 255.0, 255.0], "blur": 0, "contrast": 1.0, "min": [16.0, 165.0, 136.0]}}, "PITCH1": {"blue": {"max": [104.0, 255.0, 255.0], "blur": 0, "contrast": 0.0, "min": [88.0, 147.0, 82.0]}, "plate": {"max": [86.0, 136.0, 255.0], "blur": 1, "contrast": 100.0, "min": [60.0, 72.0, 38.0]}, "yellow": {"max": [19.0, 255.0, 255.0], "blur": 0, "contrast": 1.0, "min": [16.0, 165.0, 136.0]}, "red": {"max": [5.0, 255.0, 255.0], "blur": 5, "contrast": 30.0, "min": [0.0, 114.0, 132.0]}, "dot": {"max": [94.0, 63.0, 170.0], "blur": 1, "contrast": 100.0, "min": [6.0, 23.0, 154.0]}}}, "salen": {"PITCH0": {"blue": {"max": [118.0, 155.0, 88.0], "min": [68.0, 98.0, 71.0], "contrast": 0.0, "blur": 0}, "plate": {"max": [86.0, 136.0, 255.0], "min": [60.0, 72.0, 38.0], "contrast": 100.0, "blur": 1}, "yellow": {"max": [98.0, 255.0, 255.0], "min": [16.0, 165.0, 136.0], "contrast": 1.0, "blur": 0}, "dot": {"max": [94.0, 63.0, 170.0], "min": [6.0, 23.0, 154.0], "contrast": 100.0, "blur": 1}, "red": {"max": [5.0, 255.0, 255.0], "min": [0.0, 114.0, 132.0], "contrast": 30.0, "blur": 5}}, "PITCH1": {"blue": {"max": [104.0, 255.0, 255.0], "blur": 0, "contrast": 0.0, "min": [88.0, 147.0, 82.0]}, "plate": {"max": [88.0, 160.0, 255.0], "blur": 0, "contrast": 51.0, "min": [62.0, 75.0, 184.0]}, "yellow": {"max": [19.0, 255.0, 255.0], "blur": 0, "contrast": 1.0, "min": [16.0, 165.0, 136.0]}, "red": {"max": [195.0, 198.0, 255.0], "blur": 0, "contrast": 0.0, "min": [163.0, 84.0, 220.0]}, "dot": {"max": [169.0, 150.0, 208.0], "blur": 0, "contrast": 100.0, "min": [0.0, 4.0, 1.0]}}}, "watten": {"PITCH0": {"blue": {"max": [118.0, 155.0, 88.0], "min": [68.0, 98.0, 71.0], "contrast": 0.0, "blur": 0}, "plate": {"max": [66.0, 176.0, 237.0], "min": [35.0, 50.0, 194.0], "contrast": 95.0, "blur": 5}, "yellow": {"max": [98.0, 255.0, 255.0], "min": [16.0, 165.0, 136.0], "contrast": 1.0, "blur": 0}, "dot": {"max": [94.0, 63.0, 170.0], "min": [6.0, 23.0, 154.0], "contrast": 100.0, "blur": 1}, "red": {"max": [5.0, 255.0, 255.0], "min": [0.0, 114.0, 132.0], "contrast": 30.0, "blur": 5}}, "PITCH1": {"blue": {"max": [104.0, 255.0, 255.0], "blur": 0, "contrast": 0.0, "min": [88.0, 147.0, 82.0]}, "plate": {"max": [88.0, 133.0, 255.0], "blur": 6, "contrast": 100.0, "min": [39.0, 74.0, 197.0]}, "yellow": {"max": [19.0, 255.0, 255.0], "blur": 0, "contrast": 1.0, "min": [16.0, 165.0, 136.0]}, "red": {"max": [5.0, 255.0, 255.0], "blur": 5, "contrast": 30.0, "min": [0.0, 114.0, 132.0]}, "dot": {"max": [94.0, 63.0, 170.0], "blur": 1, "contrast": 100.0, "min": [6.0, 23.0, 154.0]}}}, "dunoon": {"PITCH0": {"blue": {"max": [118.0, 155.0, 88.0], "min": [68.0, 98.0, 71.0], "contrast": 0.0, "blur": 0}, "plate": {"max": [94.0, 176.0, 236.0], "min": [45.0, 56.0, 189.0], "contrast": 87.0, "blur": 5}, "dot": {"max": [94.0, 63.0, 170.0], "min": [6.0, 23.0, 154.0], "contrast": 100.0, "blur": 1}, "red": {"max": [8.0, 223.0, 225.0], "min": [0.0, 154.0, 93.0], "contrast": 0.0, "blur": 0}, "yellow": {"max": [98.0, 255.0, 255.0], "min": [16.0, 165.0, 136.0], "contrast": 1.0, "blur": 0}}, "PITCH1": {"blue": {"max": [104.0, 255.0, 255.0], "blur": 0, "contrast": 0.0, "min": [88.0, 147.0, 82.0]}, "plate": {"max": [85.0, 126.0, 255.0], "blur": 3, "contrast": 70.0, "min": [0.0, 65.0, 156.0]}, "dot": {"max": [85.0, 52.0, 129.0], "blur": 5, "contrast": 0.0, "min": [43.0, 34.0, 56.0]}, "yellow": {"max": [19.0, 255.0, 255.0], "blur": 0, "contrast": 1.0, "min": [16.0, 165.0, 136.0]}, "red": {"max": [5.0, 255.0, 255.0], "blur": 5, "contrast": 30.0, "min": [0.0, 114.0, 132.0]}}}, "morvern": {"PITCH0": {"blue": {"max": [118.0, 155.0, 88.0], "min": [68.0, 98.0, 71.0], "contrast": 0.0, "blur": 0}, "plate": {"max": [92.0, 113.0, 225.0], "min": [27.0, 51.0, 200.0], "contrast": 100.0, "blur": 4}, "dot": {"max": [100.0, 51.0, 170.0], "min": [13.0, 28.0, 163.0], "contrast": 100.0, "blur": 1}, "red": {"max": [5.0, 255.0, 255.0], "min": [0.0, 114.0, 132.0], "contrast": 30.0, "blur": 5}, "yellow": {"max": [98.0, 255.0, 255.0], "min": [16.0, 165.0, 136.0], "contrast": 1.0, "blur": 0}}, "PITCH1": {"blue": {"max": [104.0, 255.0, 255.0], "blur": 0, "contrast": 0.0, "min": [88.0, 147.0, 82.0]}, "plate": {"max": [88.0, 133.0, 255.0], "blur": 6, "contrast": 100.0, "min": [39.0, 74.0, 197.0]}, "yellow": {"max": [19.0, 255.0, 255.0], "blur": 0, "contrast": 1.0, "min": [16.0, 165.0, 136.0]}, "dot": {"max": [94.0, 63.0, 170.0], "blur": 1, "contrast": 100.0, "min": [6.0, 23.0, 154.0]}, "red": {"max": [5.0, 255.0, 255.0], "blur": 5, "contrast": 30.0, "min": [0.0, 114.0, 132.0]}}}, "default": {"PITCH0": {"blue": {"max": [118.0, 155.0, 88.0], "min": [68.0, 98.0, 71.0], "contrast": 0.0, "blur": 0}, "plate": {"max": [94.0, 176.0, 236.0], "min": [45.0, 56.0, 189.0], "contrast": 87.0, "blur": 5}, "yellow": {"max": [98.0, 255.0, 255.0], "min": [16.0, 165.0, 136.0], "contrast": 1.0, "blur": 0}, "red": {"max": [188.0, 255.0, 237.0], "min": [117.0, 162.0, 91.0], "contrast": 0.0, "blur": 0}, "dot": {"max": [94.0, 63.0, 170.0], "min": [6.0, 23.0, 154.0], "contrast": 100.0, "blur": 1}}, "PITCH1": {"blue": {"max": [104.0, 255.0, 255.0], "blur": 0, "contrast": 0.0, "min": [88.0, 147.0, 82.0]}, "plate": {"max": [85.0, 126.0, 255.0], "blur": 3, "contrast": 70.0, "min": [0.0, 65.0, 156.0]}, "dot": {"max": [85.0, 52.0, 129.0], "blur": 5, "contrast": 0.0, "min": [43.0, 34.0, 56.0]}, "yellow": {"max": [19.0, 255.0, 255.0], "blur": 0, "contrast": 1.0, "min": [16.0, 165.0, 136.0]}, "red": {"max": [5.0, 255.0, 255.0], "blur": 5, "contrast": 30.0, "min": [0.0, 114.0, 132.0]}}}, "glenorchy": {"PITCH0": {"blue": {"max": [118.0, 155.0, 88.0], "min": [68.0, 98.0, 71.0], "contrast": 0.0, "blur": 0}, "plate": {"max": [94.0, 176.0, 236.0], "min": [45.0, 56.0, 189.0], "contrast": 87.0, "blur": 5}, "yellow": {"max": [98.0, 255.0, 255.0], "min": [16.0, 165.0, 136.0], "contrast": 1.0, "blur": 0}, "dot": {"max": [94.0, 63.0, 170.0], "min": [6.0, 23.0, 154.0], "contrast": 100.0, "blur": 1}, "red": {"max": [-1.0, -1.0, -1.0], "min": [-1.0, -1.0, -1.0], "contrast": -1.0, "blur": -1}}, "PITCH1": {"blue": {"max": [104.0, 255.0, 255.0], "blur": 0, "contrast": 0.0, "min": [88.0, 147.0, 82.0]}, "plate": {"max": [89.0, 81.0, 193.0], "blur": 7, "contrast": 46.0, "min": [47.0, 47.0, 107.0]}, "dot": {"max": [360.0, 37.0, 181.0], "blur": 2, "contrast": 100.0, "min": [0.0, 11.0, 155.0]}, "red": {"max": [8.0, 127.0, 255.0], "blur": 3, "contrast": 100.0, "min": [0.0, 85.0, 158.0]}, "yellow": {"max": [258.0, 74.0, 255.0], "blur": 0, "contrast": 100.0, "min": [0.0, 47.0, 136.0]}}}, "porsche": {"PITCH0": {"blue": {"max": [104.0, 255.0, 255.0], "blur": 0, "contrast": 0.0, "min": [88.0, 147.0, 82.0]}, "plate": {"max": [72.0, 84.0, 255.0], "blur": 6, "contrast": 100.0, "min": [44.0, 50.0, 191.0]}, "dot": {"max": [360.0, 116.0, 176.0], "blur": 0, "contrast": 100.0, "min": [0.0, 38.0, 144.0]}, "red": {"max": [6.0, 136.0, 255.0], "blur": 0, "contrast": 30.0, "min": [0.0, 105.0, 0.0]}, "yellow": {"max": [19.0, 255.0, 255.0], "blur": 0, "contrast": 1.0, "min": [16.0, 165.0, 136.0]}}, "PITCH1": {"blue": {"max": [118.0, 155.0, 88.0], "min": [68.0, 98.0, 71.0], "contrast": 0.0, "blur": 0}, "plate": {"max": [83.0, 80.0, 230.0], "min": [59.0, 47.0, 171.0], "contrast": 100.0, "blur": 8}, "dot": {"max": [327.0, 79.0, 172.0], "min": [22.0, 8.0, 136.0], "contrast": 100.0, "blur": 1}, "yellow": {"max": [98.0, 255.0, 255.0], "min": [1.0, 165.0, 136.0], "contrast": 1.0, "blur": 0}, "red": {"max": [5.0, 255.0, 255.0], "min": [0.0, 114.0, 132.0], "contrast": 30.0, "blur": 5}}}, "cumbrae": {"PITCH0": {"blue": {"max": [118.0, 155.0, 88.0], "min": [68.0, 98.0, 71.0], "contrast": 0.0, "blur": 0}, "plate": {"max": [94.0, 176.0, 236.0], "min": [45.0, 56.0, 189.0], "contrast": 87.0, "blur": 5}, "yellow": {"max": [98.0, 255.0, 255.0], "min": [16.0, 165.0, 136.0], "contrast": 1.0, "blur": 0}, "dot": {"max": [94.0, 63.0, 170.0], "min": [6.0, 23.0, 154.0], "contrast": 100.0, "blur": 1}, "red": {"max": [-1.0, -1.0, -1.0], "min": [-1.0, -1.0, -1.0], "contrast": -1.0, "blur": -1}}, "PITCH1": {"blue": {"max": [104.0, 255.0, 255.0], "blur": 0, "contrast": 0.0, "min": [88.0, 147.0, 82.0]}, "plate": {"max": [88.0, 133.0, 255.0], "blur": 6, "contrast": 100.0, "min": [39.0, 74.0, 197.0]}, "yellow": {"max": [19.0, 255.0, 255.0], "blur": 0, "contrast": 1.0, "min": [16.0, 165.0, 136.0]}, "red": {"max": [5.0, 255.0, 255.0], "blur": 5, "contrast": 30.0, "min": [0.0, 114.0, 132.0]}, "dot": {"max": [94.0, 63.0, 170.0], "blur": 1, "contrast": 100.0, "min": [6.0, 23.0, 154.0]}}}, "hikuai": {"PITCH0": {"blue": {"max": [118.0, 155.0, 88.0], "min": [68.0, 98.0, 71.0], "contrast": 0.0, "blur": 0}, "plate": {"max": [94.0, 176.0, 235.0], "min": [45.0, 56.0, 194.0], "contrast": 87.0, "blur": 10}, "dot": {"max": [94.0, 63.0, 170.0], "min": [6.0, 23.0, 154.0], "contrast": 100.0, "blur": 1}, "red": {"max": [-1.0, -1.0, -1.0], "min": [-1.0, -1.0, -1.0], "contrast": -1.0, "blur": -1}, "yellow": {"max": [98.0, 255.0, 255.0], "min": [16.0, 165.0, 136.0], "contrast": 1.0, "blur": 0}}, "PITCH1": {"blue": {"max": [104.0, 255.0, 255.0], "blur": 0, "contrast": 0.0, "min": [88.0, 147.0, 82.0]}, "plate": {"max": [83.0, 255.0, 255.0], "blur": 3, "contrast": 8.0, "min": [62.0, 89.0, 100.0]}, "yellow": {"max": [360.0, 255.0, 255.0], "blur": 0, "contrast": 1.0, "min": [16.0, 0.0, 199.0]}, "red": {"max": [4.0, 221.0, 211.0], "blur": 0, "contrast": 0.0, "min": [0.0, 54.0, 62.0]}, "dot": {"max": [90.0, 73.0, 85.0], "blur": 0, "contrast": 0.0, "min": [53.0, 42.0, 46.0]}}}, "inishail": {"PITCH0": {"blue": {"max": [118.0, 155.0, 88.0], "min": [68.0, 98.0, 71.0], "contrast": 0.0, "blur": 0}, "plate": {"max": [77.0, 176.0, 237.0], "min": [49.0, 50.0, 194.0], "contrast": 95.0, "blur": 5}, "yellow": {"max": [98.0, 255.0, 255.0], "min": [16.0, 165.0, 136.0], "contrast": 1.0, "blur": 0}, "red": {"max": [5.0, 255.0, 255.0], "min": [0.0, 114.0, 132.0], "contrast": 30.0, "blur": 5}, "dot": {"max": [94.0, 63.0, 170.0], "min": [6.0, 23.0, 154.0], "contrast": 100.0, "blur": 1}}, "PITCH1": {"blue": {"max": [104.0, 255.0, 255.0], "blur": 0, "contrast": 0.0, "min": [88.0, 147.0, 82.0]}, "plate": {"max": [88.0, 133.0, 255.0], "blur": 6, "contrast": 100.0, "min": [39.0, 74.0, 197.0]}, "yellow": {"max": [19.0, 255.0, 255.0], "blur": 0, "contrast": 1.0, "min": [16.0, 165.0, 136.0]}, "red": {"max": [5.0, 255.0, 255.0], "blur": 5, "contrast": 30.0, "min": [0.0, 114.0, 132.0]}, "dot": {"max": [94.0, 63.0, 170.0], "blur": 1, "contrast": 100.0, "min": [6.0, 23.0, 154.0]}}}, "kilmore": {"PITCH0": {"blue": {"max": [331.0, 255.0, 94.0], "min": [0.0, 253.0, 62.0], "contrast": 0.0, "blur": 3}, "plate": {"max": [78.0, 109.0, 206.0], "min": [35.0, 66.0, 182.0], "contrast": 100.0, "blur": 6}, "dot": {"max": [118.0, 44.0, 178.0], "min": [27.0, 0.0, 142.0], "contrast": 100.0, "blur": 0}, "red": {"max": [12.0, 251.0, 255.0], "min": [0.0, 145.0, 84.0], "contrast": 5.0, "blur": 6}, "yellow": {"max": [14.0, 255.0, 255.0], "min": [0.0, 0.0, 111.0], "contrast": 1.0, "blur": 0}}, "PITCH1": {"blue": {"max": [104.0, 255.0, 255.0], "blur": 0, "contrast": 0.0, "min": [88.0, 147.0, 82.0]}, "plate": {"max": [86.0, 136.0, 255.0], "blur": 1, "contrast": 100.0, "min": [60.0, 72.0, 38.0]}, "yellow": {"max": [19.0, 255.0, 255.0], "blur": 0, "contrast": 1.0, "min": [15.0, 165.0, 136.0]}, "red": {"max": [5.0, 255.0, 255.0], "blur": 5, "contrast": 30.0, "min": [0.0, 114.0, 132.0]}, "dot": {"max": [94.0, 63.0, 170.0], "blur": 1, "contrast": 100.0, "min": [6.0, 23.0, 154.0]}}}, "knapdale": {"PITCH0": {"blue": {"max": [118.0, 155.0, 88.0], "min": [68.0, 98.0, 71.0], "contrast": 0.0, "blur": 0}, "plate": {"max": [86.0, 136.0, 255.0], "min": [60.0, 72.0, 38.0], "contrast": 100.0, "blur": 1}, "yellow": {"max": [98.0, 255.0, 255.0], "min": [16.0, 165.0, 136.0], "contrast": 1.0, "blur": 0}, "red": {"max": [5.0, 255.0, 255.0], "min": [0.0, 114.0, 132.0], "contrast": 30.0, "blur": 5}, "dot": {"max": [94.0, 63.0, 170.0], "min": [6.0, 23.0, 154.0], "contrast": 100.0, "blur": 1}}, "PITCH1": {"blue": {"max": [104.0, 255.0, 255.0], "blur": 0, "contrast": 0.0, "min": [88.0, 147.0, 82.0]}, "plate": {"max": [88.0, 133.0, 255.0], "blur": 6, "contrast": 100.0, "min": [39.0, 74.0, 197.0]}, "yellow": {"max": [19.0, 255.0, 255.0], "blur": 0, "contrast": 1.0, "min": [16.0, 165.0, 136.0]}, "dot": {"max": [94.0, 63.0, 170.0], "blur": 1, "contrast": 100.0, "min": [6.0, 23.0, 154.0]}, "red": {"max": [5.0, 255.0, 255.0], "blur": 5, "contrast": 30.0, "min": [0.0, 114.0, 132.0]}}}, "tequila": {"PITCH0": {"blue": {"max": [118.0, 155.0, 88.0], "min": [68.0, 98.0, 71.0], "contrast": 0.0, "blur": 0}, "plate": {"max": [94.0, 176.0, 236.0], "min": [45.0, 56.0, 189.0], "contrast": 87.0, "blur": 5}, "yellow": {"max": [98.0, 255.0, 255.0], "min": [16.0, 165.0, 136.0], "contrast": 1.0, "blur": 0}, "red": {"max": [-1.0, -1.0, -1.0], "min": [-1.0, -1.0, -1.0], "contrast": -1.0, "blur": -1}, "dot": {"max": [94.0, 63.0, 170.0], "min": [6.0, 23.0, 154.0], "contrast": 100.0, "blur": 1}}, "PITCH1": {"blue": {"max": [104.0, 255.0, 255.0], "blur": 0, "contrast": 0.0, "min": [88.0, 147.0, 82.0]}, "plate": {"max": [85.0, 126.0, 255.0], "blur": 3, "contrast": 70.0, "min": [0.0, 65.0, 156.0]}, "dot": {"max": [85.0, 52.0, 129.0], "blur": 5, "contrast": 0.0, "min": [43.0, 34.0, 56.0]}, "yellow": {"max": [19.0, 255.0, 255.0], "blur": 0, "contrast": 1.0, "min": [16.0, 165.0, 136.0]}, "red": {"max": [5.0, 255.0, 255.0], "blur": 5, "contrast": 30.0, "min": [0.0, 114.0, 132.0]}}}, "rothesay": {"PITCH0": {"blue": {"max": [118.0, 155.0, 88.0], "min": [68.0, 98.0, 71.0], "contrast": 0.0, "blur": 0}, "plate": {"max": [82.0, 117.0, 255.0], "min": [57.0, 66.0, 178.0], "contrast": 100.0, "blur": 9}, "yellow": {"max": [98.0, 255.0, 255.0], "min": [16.0, 165.0, 136.0], "contrast": 1.0, "blur": 0}, "red": {"max": [6.0, 255.0, 224.0], "min": [0.0, 0.0, 110.0], "contrast": 0.0, "blur": 5}, "dot": {"max": [108.0, 63.0, 170.0], "min": [6.0, 23.0, 154.0], "contrast": 100.0, "blur": 1}}, "PITCH1": {"blue": {"max": [104.0, 255.0, 255.0], "blur": 0, "contrast": 0.0, "min": [88.0, 147.0, 82.0]}, "plate": {"max": [88.0, 133.0, 255.0], "blur": 6, "contrast": 100.0, "min": [39.0, 74.0, 197.0]}, "yellow": {"max": [19.0, 255.0, 255.0], "blur": 0, "contrast": 1.0, "min": [16.0, 165.0, 136.0]}, "dot": {"max": [94.0, 63.0, 170.0], "blur": 1, "contrast": 100.0, "min": [6.0, 23.0, 154.0]}, "red": {"max": [5.0, 255.0, 255.0], "blur": 5, "contrast": 30.0, "min": [0.0, 114.0, 132.0]}}}, "corran": {"PITCH0": {"blue": {"max": [118.0, 155.0, 88.0], "min": [68.0, 98.0, 71.0], "contrast": 0.0, "blur": 0}, "plate": {"max": [94.0, 176.0, 236.0], "min": [45.0, 56.0, 189.0], "contrast": 87.0, "blur": 5}, "yellow": {"max": [98.0, 255.0, 255.0], "min": [16.0, 165.0, 136.0], "contrast": 1.0, "blur": 0}, "red": {"max": [-1.0, -1.0, -1.0], "min": [-1.0, -1.0, -1.0], "contrast": -1.0, "blur": -1}, "dot": {"max": [94.0, 63.0, 170.0], "min": [6.0, 23.0, 154.0], "contrast": 100.0, "blur": 1}}, "PITCH1": {"blue": {"max": [104.0, 255.0, 255.0], "blur": 0, "contrast": 0.0, "min": [88.0, 147.0, 82.0]}, "plate": {"max": [85.0, 126.0, 255.0], "blur": 3, "contrast": 70.0, "min": [0.0, 65.0, 156.0]}, "dot": {"max": [85.0, 52.0, 129.0], "blur": 5, "contrast": 0.0, "min": [43.0, 34.0, 56.0]}, "yellow": {"max": [19.0, 255.0, 255.0], "blur": 0, "contrast": 1.0, "min": [16.0, 165.0, 136.0]}, "red": {"max": [5.0, 255.0, 255.0], "blur": 5, "contrast": 30.0, "min": [0.0, 114.0, 132.0]}}}, "Qosmio": {"PITCH0": {"blue": {"max": [118.0, 155.0, 88.0], "min": [68.0, 98.0, 71.0], "contrast": 0.0, "blur": 0}, "plate": {"max": [86.0, 136.0, 255.0], "min": [60.0, 72.0, 38.0], "contrast": 100.0, "blur": 1}, "dot": {"max": [138.0, 49.0, 153.0], "min": [46.0, 26.0, 99.0], "contrast": 100.0, "blur": 1}, "red": {"max": [5.0, 255.0, 255.0], "min": [0.0, 114.0, 132.0], "contrast": 30.0, "blur": 5}, "yellow": {"max": [98.0, 255.0, 255.0], "min": [16.0, 165.0, 136.0], "contrast": 1.0, "blur": 0}}, "PITCH1": {"blue": {"max": [104.0, 255.0, 255.0], "blur": 0, "contrast": 0.0, "min": [88.0, 147.0, 82.0]}, "plate": {"max": [86.0, 136.0, 255.0], "blur": 1, "contrast": 100.0, "min": [60.0, 72.0, 38.0]}, "yellow": {"max": [19.0, 255.0, 255.0], "blur": 0, "contrast": 1.0, "min": [16.0, 165.0, 136.0]}, "red": {"max": [5.0, 255.0, 255.0], "blur": 5, "contrast": 30.0, "min": [0.0, 114.0, 132.0]}, "dot": {"max": [94.0, 63.0, 170.0], "blur": 1, "contrast": 100.0, "min": [6.0, 23.0, 154.0]}}}, "cactus": {"PITCH0": {"blue": {"max": [118.0, 155.0, 88.0], "min": [68.0, 98.0, 71.0], "contrast": 0.0, "blur": 0}, "plate": {"max": [66.0, 176.0, 237.0], "min": [35.0, 50.0, 194.0], "contrast": 95.0, "blur": 5}, "yellow": {"max": [98.0, 255.0, 255.0], "min": [16.0, 165.0, 136.0], "contrast": 1.0, "blur": 0}, "red": {"max": [5.0, 255.0, 255.0], "min": [0.0, 114.0, 132.0], "contrast": 30.0, "blur": 5}, "dot": {"max": [94.0, 63.0, 170.0], "min": [6.0, 23.0, 154.0], "contrast": 100.0, "blur": 1}}, "PITCH1": {"blue": {"max": [104.0, 255.0, 255.0], "blur": 0, "contrast": 0.0, "min": [88.0, 147.0, 82.0]}, "plate": {"max": [78.0, 132.0, 156.0], "blur": 7, "contrast": 1.0, "min": [48.0, 74.0, 81.0]}, "yellow": {"max": [19.0, 255.0, 255.0], "blur": 0, "contrast": 1.0, "min": [16.0, 165.0, 136.0]}, "red": {"max": [5.0, 255.0, 255.0], "blur": 2, "contrast": 30.0, "min": [0.0, 114.0, 132.0]}, "dot": {"max": [182.0, 63.0, 99.0], "blur": 0, "contrast": 21.0, "min": [20.0, 0.0, 41.0]}}}, "kilbride": {"PITCH0": {"blue": {"max": [118.0, 155.0, 88.0], "blur": 0, "contrast": 0.0, "min": [68.0, 98.0, 71.0]}, "plate": {"max": [93.0, 108.0, 204.0], "blur": 6, "contrast": 94.0, "min": [24.0, 65.0, 169.0]}, "dot": {"max": [87.0, 175.0, 65.0], "blur": 0, "contrast": 0.0, "min": [27.0, 16.0, 49.0]}, "red": {"max": [8.0, 255.0, 176.0], "blur": 0, "contrast": 0.0, "min": [0.0, 151.0, 77.0]}, "yellow": {"max": [0.0, 0.0, 0.0], "blur": 0, "contrast": 0.0, "min": [0.0, 0.0, 0.0]}}, "PITCH1": {"blue": {"max": [104.0, 255.0, 255.0], "blur": 0, "contrast": 0.0, "min": [88.0, 147.0, 82.0]}, "plate": {"max": [86.0, 136.0, 255.0], "blur": 1, "contrast": 100.0, "min": [60.0, 72.0, 38.0]}, "yellow": {"max": [19.0, 255.0, 255.0], "blur": 0, "contrast": 1.0, "min": [16.0, 165.0, 136.0]}, "red": {"max": [5.0, 255.0, 255.0], "blur": 5, "contrast": 30.0, "min": [0.0, 114.0, 132.0]}, "dot": {"max": [94.0, 63.0, 170.0], "blur": 1, "contrast": 100.0, "min": [6.0, 23.0, 154.0]}}}, "strontian": {"PITCH0": {"blue": {"max": [118.0, 155.0, 88.0], "min": [68.0, 98.0, 71.0], "contrast": 0.0, "blur": 0}, "plate": {"max": [77.0, 136.0, 255.0], "min": [38.0, 72.0, 190.0], "contrast": 100.0, "blur": 0}, "yellow": {"max": [98.0, 255.0, 255.0], "min": [16.0, 165.0, 136.0], "contrast": 1.0, "blur": 0}, "dot": {"max": [282.0, 205.0, 165.0], "min": [20.0, 3.0, 105.0], "contrast": 100.0, "blur": 0}, "red": {"max": [5.0, 255.0, 255.0], "min": [0.0, 114.0, 132.0], "contrast": 30.0, "blur": 5}}, "PITCH1": {"blue": {"max": [104.0, 255.0, 255.0], "blur": 0, "contrast": 0.0, "min": [88.0, 147.0, 82.0]}, "plate": {"max": [86.0, 136.0, 255.0], "blur": 1, "contrast": 100.0, "min": [60.0, 72.0, 38.0]}, "yellow": {"max": [19.0, 255.0, 255.0], "blur": 0, "contrast": 1.0, "min": [16.0, 165.0, 136.0]}, "red": {"max": [5.0, 255.0, 255.0], "blur": 5, "contrast": 30.0, "min": [0.0, 114.0, 132.0]}, "dot": {"max": [94.0, 63.0, 170.0], "blur": 1, "contrast": 100.0, "min": [6.0, 23.0, 154.0]}}}}